{"_runtime":3905.713419331,"train/dataloading_s":0.002697219140827656,"train/samples":800000,"train/epochs":49.87531172069826,"train/loss":0.055535875260829926,"_timestamp":1.7650880594914312e+09,"train/lr":1e-05,"train/steps":50000,"_wandb":{"runtime":3905},"train/l1_loss":0.05432407557964325,"_step":50000,"train/kld_loss":0.0001211799681186676,"train/update_s":0.07078206585720181,"train/grad_norm":8.439584732055664,"train/episodes":2992.5187032418953}